<?xml version="1.0" encoding="UTF-8"?>
<style>
	<info>
		<name>gk_mystore</name>
		<author>GavickPro</author>
		<desc>Image Show GK4 style for MyStore template.</desc>
		<version>1.0</version>
	</info>
	<config>
		<field type="text" name="image_width" label="Image width" desc="Slide image width in pixels" default="300" unit="px" />
		<field type="text" name="image_height" label="Image height" desc="Slide image height in pixels" default="270" unit="px" />
		<field type="text" name="image_bg" label="Image background color" desc="Slide image background as hexdecimal value" default="#000000" unit="" />	
		<field type="text" name="quality" label="Image quality" desc="Quality of images (used in the JPG images) - percentage value between 0 and 100." default="95" unit="%" />		
		
		<field type="switch" name="show_pagination" label="Show pagination" default="1" desc="You can enable showing block with pagination." class="gk_switch" />
				
		<field type="text" name="slides_per_page" label="Slides per page" default="3" desc="Amount of slides showed per page" unit="" />		
		<field type="text" name="animation_speed" label="Animation speed" desc="Animation speed in miliseconds" default="500" unit="ms" />
		<field type="text" name="animation_interval" label="Animation interval" desc="Animation interval in miliseconds" default="5000" unit="ms" />
		<field type="switch" name="autoanimation" label="Autoanimation" desc="Autoanimation of the slides" default="1" class="gk_switch" />
	</config>
</style>