<?xml version="1.0" encoding="utf-8"?>
<extension type="module" version="1.6.0" client="site" method="upgrade">
	<name>Image Show GK4</name>
	<author>GavickPro</author>
	<creationDate>04/12/2012</creationDate>
	<copyright>Copyright (C) 2011-2012 GavickPro. All rights reserved.</copyright>
	<license>GNU General Public License version 2 or later</license>
	<authorEmail>info@gavick.com</authorEmail>
	<authorUrl>www.gavickpro.com</authorUrl>
	<version>GK4 1.33</version>
	<description><![CDATA[
		<style type="text/css">
			span.readonly { padding: 10px; font-family: Arial; font-size:13px !important; font-weight: normal !important; text-align: justify; color: #4d4d4d; line-height: 24px; }
			span.readonly h1 { clear:both; font-family: Georgia, sans-serif; font-size:38px; margin:30px 20px 23px; padding:0px 0px 24px 10px; color:#333; border-bottom: 1px solid #eee; font-weight: normal; }
			span.readonly p { margin: 0 26px 10px }
			span.readonly p a { color: #8e0b8c }
			span.readonly p.homepage { margin-top: 30px }
			span.readonly p.license { border-top: 1px solid #eee; font-size: 11px; margin: 30px 26px 0; padding: 6px 0; }
		</style>

		<span class="readonly"><h1>Image Show GK4<small>ver. 1.33</small></h1><p>GK4 is new generation of our extensions dedicated to Joomla 1.6+.</p><p>With Image Show GK4 module, you can create slideshow on a site which include various images and article fragments or texts defined by a user. Thanks to slide management system integrated in the module, its support is very easy, intuitive and fast. With the new method of creating module styles you can easily move your slideshow style from one template to other template.</p> <p class='homepage'><a href='http://tools.gavick.com/image-show.html' target='_blank'>Learn more at the Image Show GK4 project website.</a></p><p class='license'>Image Show GK4 is released under the <a target="_blank" href="http://www.gnu.org/licenses/gpl-2.0.html">GNU/GPL v2 license.</a></p></span>
	]]></description>
	<files>
        <filename module="mod_image_show_gk4">mod_image_show_gk4.php</filename>
		<filename module="mod_image_show_gk4">mod_image_show_gk4.xml</filename>
		<filename module="mod_image_show_gk4">helper.php</filename>
		<filename module="mod_image_show_gk4">index.html</filename>
		<folder>admin</folder>
		<folder>cache</folder>
		<folder>styles</folder>
	</files>

	<languages>
		<language tag="en-GB">language/en-GB.mod_image_show_gk4.ini</language>
	</languages>

	<config>
		<fields name="params" addfieldpath="/modules/mod_image_show_gk4/admin/elements">
			<!-- basic -->
			<fieldset name="IMAGE_SHOW_BASIC">
				<field type="asset" path="modules/mod_image_show_gk4/admin/" />
				
                <field name="automatic_module_id" type="list" class="gk_switch" default="1" label="MOD_IMAGE_SHOW_AUTOMATIC_MODULE_ID" description="MOD_IMAGE_SHOW_AUTOMATIC_MODULE_ID_DESC">
				        <option value="0">MOD_IMAGE_SHOW_DISABLED</option>
				        <option value="1">MOD_IMAGE_SHOW_ENABLED</option>
				</field>

				<field name="module_id" type="text" default="gk-is-1" label="MOD_IMAGE_SHOW_MODULE_ID" description="MOD_IMAGE_SHOW_MODULE_ID_DESC" />

				<field name="moduleclass_sfx" type="text" default="" label="MOD_IMAGE_SHOW_GK4_MODCLASSSUFFIX" description="MOD_IMAGE_SHOW_GK4_MODCLASSSUFFIX_DESC" />

				<field name="module_style" type="styles" default="gk_coffe" label="MOD_IMAGE_SHOW_GK4_MODSTYLE" />

				<field name="last_modification" type="lastmod" label="" />
			</fieldset>
			<!-- tab manager -->
			<fieldset name="IMAGE_SHOW_MANAGER" addfieldpath="/modules/mod_image_show_gk4/admin/elements" >
				<field type="slidemanager" name="image_show_data" />
			</fieldset>
         
        
			<!-- interface -->
			<fieldset name="IMAGE_SHOW_INTERFACE">
				<!-- parsed settings XML -->
				<field type="config" name="config" />
			</fieldset>
			<!-- advanced -->
			<fieldset name="IMAGE_SHOW_ADVANCED">
				<field name="use_style_css" type="list" class="gk_switch" default="1" label="MOD_IMAGE_SHOW_USE_STYLE_CSS" description="MOD_IMAGE_SHOW_USE_STYLE_CSS_DESC">
				        <option value="0">MOD_IMAGE_SHOW_DISABLED</option>
				        <option value="1">MOD_IMAGE_SHOW_ENABLED</option>
				</field>
			</fieldset>
			<!-- updates -->
			<fieldset name="IMAGE_SHOW_UPDATES" addfieldpath="/modules/mod_image_show_gk4/admin/elements">
			    <field type="update" name="module_updates" /> 
			</fieldset>
			<!-- about us -->
			<fieldset name="IMAGE_SHOW_ABOUT_US" addfieldpath="/modules/mod_image_show_gk4/admin/elements">
			    <field type="about" name="about_us" /> 
			</fieldset>
		</fields>
	</config>
</extension>