<?xml version="1.0" encoding="UTF-8"?>
<style>
	<info>
		<name>gk_league_news1</name>
		<author>GavickPro</author>
		<desc>Image Show GK4 style for League News template.</desc>
		<version>1.0</version>
	</info>
	<config>
		<field type="text" name="image_width" label="Image width" desc="Slide image width in pixels" default="570" unit="px" />
		<field type="text" name="image_height" label="Image height" desc="Slide image height in pixels" default="360" unit="px" />
		<field type="text" name="image_bg" label="Image background color" desc="Slide image background as hexdecimal value" default="#000000" unit="" />	
		<field type="text" name="quality" label="Image quality" desc="Quality of images (used in the JPG images) - percentage value between 0 and 100." default="95" unit="%" />		
		
		<field type="switch" name="show_title_block" label="Show title block" default="1" desc="You can enable showing block with slide titles." class="gk_switch" />		
		
		<field type="text" name="thumb_width" label="Thumbnail width" desc="Thumbnail image width in pixels" default="120" unit="px" />
		<field type="text" name="thumb_height" label="Thumbnail height" desc="Thumbnail image height in pixels" default="80" unit="px" />
		
		<field type="text" name="title_chars" label="Title chars amount" default="15" desc="Amount of chars in the title" unit="" />
		<field type="text" name="desc_chars" label="Description chars amount" default="15" desc="Amount of chars in the description" unit="" />
		
		<field type="text" name="animation_speed" label="Animation speed" desc="Animation speed in miliseconds" default="500" unit="ms" />
		<field type="text" name="animation_interval" label="Animation interval" desc="Animation interval in miliseconds" default="5000" unit="ms" />
		<field type="switch" name="autoanimation" label="Autoanimation" desc="Autoanimation of the slides" default="1" class="gk_switch" />
	</config>
</style>