<?xml version="1.0" encoding="UTF-8"?>
<style>
	<info>
		<name>gk_yourshop</name>
		<author>GavickPro</author>
		<desc>Image Show GK4 style for Yourshop template.</desc>
		<version>1.0</version>
	</info>
	<config>
		<field type="text" name="image_width" label="Image width" desc="Slide image width in pixels" default="673" unit="px" />
		<field type="text" name="image_height" label="Image height" desc="Slide image height in pixels" default="262" unit="px" />
		<field type="text" name="image_bg" label="Image background color" desc="Slide image background as hexdecimal value" default="#000000" unit="" />	
		<field type="text" name="quality" label="Image quality" desc="Quality of images (used in the JPG images) - percentage value between 0 and 100." default="95" unit="%" />	

		<field type="text" name="text_position" label="Text position" default="246" desc="Top margin for text area" unit="px" />
		<field type="text" name="text_height" label="Text height" default="90" desc="Height of the text area" unit="px" />	
		<field type="switch" name="show_text_block" label="Show text block" default="1" desc="Enable/disable showing overlay with article description" class="gk_switch" />
		<field type="text" name="readmore_text" label="Readmore text" default="Read more" desc="Text used in readmore button" unit="" />
		<field type="switch" name="clean_xhtml" label="Clean (X)HTML" desc="Enable/disable cleaning of XHTML tags in article content" default="1" class="gk_switch" />	
		<field type="text" name="wordcount" label="Wordcount" default="24" desc="Amount of words in the slide text" unit="" />
		<field type="text" name="title_char_amount" label="Title char amount" default="27" desc="Amount of chars in the slide title" unit="" />
		
		<field type="switch" name="slide_links" label="Slide links" desc="You can enable links in the slides." default="1" class="gk_switch" />
		<field type="text" name="animation_speed" label="Animation speed" desc="Animation speed in miliseconds" default="500" unit="ms" />
		<field type="text" name="animation_interval" label="Animation interval" desc="Animation interval in miliseconds" default="5000" unit="ms" />
		<field type="switch" name="autoanimation" label="Autoanimation" desc="Autoanimation of the slides" default="1" class="gk_switch" />
		<field type="select" name="animation_type" label="Animation type" desc="Animation type used in the slideshow" default="opacity" class="">
			<option value="opacity">Opacity</option>
			<option value="top">Top</option>
			<option value="bottom">Bottom</option>
			<option value="left">Left</option>
			<option value="right">Right</option>
		</field>
	</config>
</style>