<?xml version="1.0" encoding="utf-8" standalone="no"?>
<extension client="site" method="upgrade" type="module" version="2.5">
	<name>RokNavMenu</name>
	<author>RocketTheme, LLC</author>
	<creationDate>April 1, 2013</creationDate>
	<authorEmail>support@rockettheme.com</authorEmail>
	<authorUrl>http://www.rockettheme.com</authorUrl>
	<copyright>(C) 2005 - 2013 RocketTheme, LLC. All rights reserved.</copyright>
	<license>http://www.gnu.org/copyleft/gpl.html GNU/GPL</license>
	<version>2.0.1</version>
	<description>RocketTheme Customizable Navigation Menu</description>
    <scriptfile>install.script.php</scriptfile>
    <updateservers>
   		<server name="RocketTheme Update Directory" priority="1" type="collection">http://updates.rockettheme.com/joomla/updates.xml</server>
   	</updateservers>
	<files>
		<filename>install.script.php</filename>
        <filename module="mod_roknavmenu">mod_roknavmenu.php</filename>
        <folder>fields</folder>
        <filename>index.html</filename>
        <filename>MD5SUMS</filename>
        <folder>themes</folder>
        <filename>en-GB.mod_roknavmenu.ini</filename>
        <folder>lib</folder>
    </files>
    <plugins>
        <plugin>/lib/RokNavMenuEvents.php</plugin>
    </plugins>
	<languages>
		<language tag="en-GB">en-GB.mod_roknavmenu.ini</language>
	</languages>
    <config>
		<fields name="params">
			<fieldset addfieldpath="/modules/mod_roknavmenu/fields" name="basic">
				<field description="MOD_MENU_FIELD_MENUTYPE_DESC" label="MOD_MENU_FIELD_MENUTYPE_LABEL" name="menutype" type="menu"/>
                <field hr="true" name="filteringspacer1" type="spacer"/>
                <field default="0" description="DESC.LIMIT_LEVELS" label="ROKNAVMENU.LABEL.LIMIT_LEVELS" name="limit_levels" type="list">
                    <option value="1">Yes</option>
                    <option value="0">No</option>
                </field>
				<field default="0" description="MOD_MENU_FIELD_STARTLEVEL_DESC" label="MOD_MENU_FIELD_STARTLEVEL_LABEL" name="startLevel" type="list">
                    <option value="0">0</option>
					<option value="1">J1</option>
					<option value="2">J2</option>
					<option value="3">J3</option>
					<option value="4">J4</option>
					<option value="5">J5</option>
					<option value="6">J6</option>
					<option value="7">J7</option>
					<option value="8">J8</option>
					<option value="9">J9</option>
					<option value="10">J10</option>
				</field>

				<field default="0" description="MOD_MENU_FIELD_ENDLEVEL_DESC" label="MOD_MENU_FIELD_ENDLEVEL_LABEL" name="endLevel" type="list">
					<option value="0">0</option>
					<option value="1">J1</option>
					<option value="2">J2</option>
					<option value="3">J3</option>
					<option value="4">J4</option>
					<option value="5">J5</option>
					<option value="6">J6</option>
					<option value="7">J7</option>
					<option value="8">J8</option>
					<option value="9">J9</option>
					<option value="10">J10</option>
				</field>

				<field default="0" description="MOD_MENU_FIELD_ALLCHILDREN_DESC" label="MOD_MENU_FIELD_ALLCHILDREN_LABEL" name="showAllChildren" type="radio">
					<option value="0">JNO</option>
					<option value="1">JYES</option>
				</field>
                <field hr="true" name="filteringspacer1" type="spacer"/>
                <!--<field name="window_open" type="text" default="" label="Target Position" description="PARAMTARGETPOSITION" />-->
                <field default="" description="" label="" name="filteringspacer2" type="spacer"/>
                <field description="" label="Theme Options" name="spacer_themeoptions" type="break"/>

                <field default="default" name="theme" type="hidden"/>
                <!--<field name="theme" type="themelist" default="/modules/mod_roknavmenu/themes/basic" label="ROKNAVMENU.LABEL.THEME" description="ROKNAVMENU.DESC.THEME" filter="" exclude="" hide_none="true" hide_default="true"/>		-->
                <!--<field name="theme_options" type="themeparameters" label="ROKNAVMENU.LABEL.THEME_OPTIONS" description="ROKNAVMENU.DESC.THEME_OPTIONS" filter="" exclude="index.html"/>-->
                <!--<field name="template" type="templateinclude" label="ROKNAVMENU.LABEL.TEMPLATE_CONFIG" description="ROKNAVMENU.DESC.TEMPLATE_CONFIG"/>-->
                <field default="default.php" name="custom_layout" type="hidden"/>
                <field default="default.php" name="custom_formatter" type="hidden"/>
                <field label="Themes" name="theme" type="themelist"/>
                <field label="Theme Options" name="themeoptions" type="themeoptions"/>
			</fieldset>

			<fieldset name="advanced">
				<field description="MOD_MENU_FIELD_TAG_ID_DESC" label="MOD_MENU_FIELD_TAG_ID_LABEL" name="tag_id" type="text"/>

				<field description="MOD_MENU_FIELD_CLASS_DESC" label="MOD_MENU_FIELD_CLASS_LABEL" name="class_sfx" type="text"/>

				<field description="MOD_MENU_FIELD_TARGET_DESC" label="MOD_MENU_FIELD_TARGET_LABEL" name="window_open" type="text"/>

				<field description="COM_MODULES_FIELD_MODULECLASS_SFX_DESC" label="COM_MODULES_FIELD_MODULECLASS_SFX_LABEL" name="moduleclass_sfx" type="text"/>

                <field default="0" name="cache" type="hidden">
                </field>
                <field default="1" description="COM_MODULES_FIELD_CACHING_DESC" label="COM_MODULES_FIELD_CACHING_LABEL" name="module_cache" type="list">
                    <option value="1">JGLOBAL_USE_GLOBAL</option>
                    <option value="0">COM_MODULES_FIELD_VALUE_NOCACHING</option>
                </field>
				<field default="900" description="COM_MODULES_FIELD_CACHE_TIME_DESC" label="COM_MODULES_FIELD_CACHE_TIME_LABEL" name="cache_time" type="text"/>
				<field default="itemid" name="cachemode" type="hidden">
					<option value="itemid"/>
				</field>

			</fieldset>
		</fields>
	</config>
</extension>
