<?xml version="1.0" encoding="utf-8"?>
<extension
	type="module"
	version="2.5"
	client="site"
	method="upgrade">
	<name>ZT Headline</name>
	<author>ZooTemplate</author>
	<creationDate>August 18, 2010</creationDate>
	<copyright>Copyright (C) 2008 - 2012 http://www.ZooTemplate.com. All rights reserved.</copyright>
	<license>GNU/GPL</license>	
	<authorEmail>support@ZooTemplate.com</authorEmail>
	<authorUrl>www.ZooTemplate.com</authorUrl>
	<version>2.5.8</version>
	<description>ZT_INSTALLATION</description>
	
	<files>
		<filename module="mod_zt_headline">mod_zt_headline.php</filename>
		<filename>helper.php</filename> 
		<filename>index.html</filename>
		<filename>timthumb.php</filename>
		<folder>admin/</folder>
		<folder>tmpl</folder>
		<folder>elements</folder>
		<folder>assets/</folder>
	</files>
	
	<languages>
		<language tag="en-GB">en-GB.mod_zt_headline.ini</language>
	</languages> 
	<config addfieldpath="/modules/mod_zt_headline/elements/">
		<fields name="params">
			<fieldset name="basic">
				<field name="moduleclass_sfx" type="text" default="" label="Module Class Suffix" description="PARAMMODULECLASSSUFFIX" />
				
				<field name="menuitem_type" default="default" type="list" label="Select menu item type" description="">
					<option value="default">Default</option>
					<option value="current_page">Current page</option>
					<option value="input_value">Enter value</option>
				</field>
				<field name="moduleWidth" type="text" default="960" label="Module Width" description="" />
				<field name="moduleHeight" type="text" default="400" label="Module Height" description="" />
				<field name="thumbWidth" type="text" default="400" label="Thumbs Width" description="" />
				<field name="thumbHeight" type="text" default="400" label="Thumbs Height" description="" />
				<field name="link_limage" type="radio" default="0" label="Link images" description="Link images">
					<option value="1">Yes</option>
					<option value="0">No</option>
				</field>
				<field name="input_itemid" type="text" default="0" label="Input item id" description="" />
				<field name="intro_length" type="text" default="30" label="Introtext Length" description="Introtext Length" />
				<field name="timming" type="text" default="5000" label="Delay Time" description="Time delay between each content" />
				<field name="trans_duration" type="text" default="1000" label="Transition duration" description="Trasition duration" />              
				
			</fieldset>
			<fieldset name="CONTENT_OPTION">
				
				<field name="text_selection" type="textselection" default="" label="Add Custom Slide" description="Add Custom Slide"/>
				<field name="text_data" type="textarea" rows="4" cols="20" default="" label="Text Data" description="Text Data"/>
				
			</fieldset>
			<fieldset name="STYLE_OPTION">
				<field name="layout_style" type="stylies" default="zt_slideshows" label="Style" description="Style"></field>
				<field name="@spacer" type="spacer" default="" label="" description="" />
				 
				<field name="zt_slideshow_effect" type="list" label="Animation Type" description="Animation Type" default="random">
					<option value="random">Random</option>
					<option value="sliceDown">Slice Down</option>
					<option value="sliceDownLeft">Slice Down Left</option>
					<option value="sliceDownRight">Slice Down Right</option>
					<option value="sliceUp">Slice Up</option>
					<option value="sliceUpLeft">Slice Up Left</option>
					<option value="sliceUpRight">Slice Up Right</option>
					<option value="sliceUpDown">Slice Up Down</option>
					<option value="sliceUpDownLeft">Slice Up Down Left</option>
					<option value="sliceUpDownRight">Slice Up Down Right</option>
					<option value="fold">Fold</option>
					<option value="fade">Fade</option>
					<option value="slideInRight">Slide In Right</option>
					<option value="slideInLeft">Slide In Left</option>
					<option value="boxRandom">Box Random</option>
					<option value="boxRain">Box Rain</option>
					<option value="boxRainReverse">Box Rain Reverse</option>
					<option value="boxRainGrow">Box Rain Grow</option>
					<option value="boxRainGrowReverse">Box Rain Grow Reverse</option> 
				</field>
				<field name="thumbnavWidth" type="text" default="80" label="Thumbs Nav Width" description="" />
				<field name="thumbnavHeight" type="text" default="70" label="Thumbs Nav Height" description="" />
				 
				<field name="zt_slideshow_enable_controlNavThumbs" type="radio" default="1" label="Control Nav Thumbs" description="Enable Control Nav Thumbs">
					<option value="0">No</option>
					<option value="1">Yes</option>
				</field>
				<field name="zt_slideshow_enable_btn" type="radio" label="Control Nav" description="Control Nav" default="1">
					<option value="0">No</option>
					<option value="1">Yes</option>
				</field> 
				<field name="zt_slideshow_autorun" type="radio" default="1" label="Autorun" description="Autorun">
					<option value="0">No</option>
					<option value="1">Yes</option>
				</field>
				<field name="zt_slideshow_loadprocess" type="radio" default="1" label="Loading Process" description="Display loading process">
					<option value="0">No</option>
					<option value="1">Yes</option>
				</field>
				<field name="zt_slideshow_enable_description" type="radio" default="1" label="Enable Description" description="Enable Description">
					<option value="0">No</option>
					<option value="1">Yes</option>
				</field>  
				<field name="zt_slideshow_no_slice" type="text" label="Number Of Slices" description="Number Of Slices" default="15" />
				
				<field name="@spacer" type="spacer" default="" label="" description="" /> 
				<field name="zt_scroller_effect" type="list" label="Easing effects" description="Easing effects" default="easeOutQuad">
					<option value="jswing">jswing</option> 
					<option value="easeInQuad">easeInQuad</option>
					<option value="easeOutQuad">easeOutQuad</option>
					<option value="easeInOutQuad">easeInOutQuad</option>
					<option value="easeInCubic">easeInCubic</option>
					<option value="easeOutCubic">easeOutCubic</option>
					<option value="easeInOutCubic">easeInOutCubic</option>
					<option value="easeInQuart">easeInQuart</option>
					<option value="easeOutQuart">easeOutQuart</option>
					<option value="easeInOutQuart">easeInOutQuart</option>
					<option value="easeInQuint">easeInQuint</option>
					<option value="easeOutQuint">easeOutQuint</option>
					<option value="easeInOutQuint">easeInOutQuint</option>
					<option value="easeInSine">easeInSine</option>
					<option value="easeOutSine">easeOutSine</option>
					<option value="easeInOutSine">easeInOutSine</option>
					<option value="easeInExpo">easeInExpo</option>
					<option value="easeOutExpo">easeOutExpo</option>
					<option value="easeInOutExpo">easeInOutExpo</option>
					<option value="easeInCirc">easeInCirc</option>
					<option value="easeOutCirc">easeOutCirc</option>
					<option value="easeInOutCirc">easeInOutCirc</option>
					<option value="easeInElastic">easeInElastic</option>
					<option value="easeOutElastic">easeOutElastic</option>
					<option value="easeInOutElastic">easeInOutElastic</option>
					<option value="easeInBack">easeInBack</option>
					<option value="easeOutBack">easeOutBack</option>
					<option value="easeInOutBack">easeInOutBack</option>
					<option value="easeInBounce">easeInBounce</option>
					<option value="easeOutBounce">easeOutBounce</option>
					<option value="easeInOutBounce">easeInOutBounce</option> 
				</field> 
				<field name="itemWidth" type="text" default="250" label="Item Width" description="" />
				<field name="zt_scroller_autorun" type="radio" default="1" label="Autorun" description="Autorun">
					<option value="0">No</option>
					<option value="1">Yes</option>
				</field>
				<field name="zt_scroller_enable_btn" type="radio" label="Control Nav" description="Control Nav" default="1">
					<option value="0">No</option>
					<option value="1">Yes</option>
				</field>
				<field name="zt_scroller_enable_description" type="radio" default="1" label="Enable Description" description="Enable Description">
					<option value="0">No</option>
					<option value="1">Yes</option>
				</field>
				<field name="zt_scroller_running" type="text" label="Scroller item runing" description="Scroller item runing" default="1" />
				<field name="zt_scroller_no_item" type="text" label="Number Of Scroller" description="Display Number Of Scroller" default="4" />
				<field name="@spacer" type="spacer" default="" label="" description="" /> 
				<field name="zt_newsiv_effect" type="list" label="Easing effects" description="Easing effects" default="easeOutQuad">
					<option value="jswing">jswing</option> 
					<option value="easeInQuad">easeInQuad</option>
					<option value="easeOutQuad">easeOutQuad</option>
					<option value="easeInOutQuad">easeInOutQuad</option>
					<option value="easeInCubic">easeInCubic</option>
					<option value="easeOutCubic">easeOutCubic</option>
					<option value="easeInOutCubic">easeInOutCubic</option>
					<option value="easeInQuart">easeInQuart</option>
					<option value="easeOutQuart">easeOutQuart</option>
					<option value="easeInOutQuart">easeInOutQuart</option>
					<option value="easeInQuint">easeInQuint</option>
					<option value="easeOutQuint">easeOutQuint</option>
					<option value="easeInOutQuint">easeInOutQuint</option>
					<option value="easeInSine">easeInSine</option>
					<option value="easeOutSine">easeOutSine</option>
					<option value="easeInOutSine">easeInOutSine</option>
					<option value="easeInExpo">easeInExpo</option>
					<option value="easeOutExpo">easeOutExpo</option>
					<option value="easeInOutExpo">easeInOutExpo</option>
					<option value="easeInCirc">easeInCirc</option>
					<option value="easeOutCirc">easeOutCirc</option>
					<option value="easeInOutCirc">easeInOutCirc</option>
					<option value="easeInElastic">easeInElastic</option>
					<option value="easeOutElastic">easeOutElastic</option>
					<option value="easeInOutElastic">easeInOutElastic</option>
					<option value="easeInBack">easeInBack</option>
					<option value="easeOutBack">easeOutBack</option>
					<option value="easeInOutBack">easeInOutBack</option>
					<option value="easeInBounce">easeInBounce</option>
					<option value="easeOutBounce">easeOutBounce</option>
					<option value="easeInOutBounce">easeInOutBounce</option> 
				</field> 
				<field name="NewsIVitemWidth" type="text" default="250" label="Item Width" description="" />
				<field name="zt_newsiv_autorun" type="radio" default="1" label="Autorun" description="Autorun">
					<option value="0">No</option>
					<option value="1">Yes</option>
				</field>
				<field name="zt_newsiv_enable_btn" type="radio" label="Control Nav" description="Control Nav" default="1">
					<option value="0">No</option>
					<option value="1">Yes</option>
				</field>
				<field name="zt_newsiv_enable_title" type="radio" default="1" label="Enable Title" description="Enable Title">
					<option value="0">No</option>
					<option value="1">Yes</option>
				</field>
				<field name="zt_newsiv_enable_description" type="radio" default="1" label="Enable Description" description="Enable Description">
					<option value="0">No</option>
					<option value="1">Yes</option>
				</field>
				<field name="zt_newsiv_running" type="text" label="News IV item runing" description="News IV item runing" default="1" />
				<field name="zt_newsiv_no_item" type="text" label="Number Of News IV" description="Display Number Of News IV" default="4" />
				<field name="@spacer" type="spacer" default="" label="" description="" />
				<field name="zt_featurelist_thumbwidth" type="text" default="80" label="Thumbs List Width" description="" />
				<field name="zt_featurelist_thumbheight" type="text" default="70" label="Thumbs List Height" description="" />
				
				<field name="zt_featurelist_item_height" type="text" label="Item Height" description="Item Height" default="75" />
				<field name="zt_featurelist_list_width" type="text" label="Width List Featurelist" description="Width List Featurelist" default="274" />
				<field name="zt_featurelist_main_width" type="text" label="Width Main Featurelist" description="Width Main Featurelist" default="700" />
				<field name="zt_featurelist_enable_description" type="radio" default="1" label="Enable Description" description="Enable Description">
					<option value="0">No</option>
					<option value="1">Yes</option>
				</field>
				<field name="zt_featurelist_eventtype" type="radio" default="1" label="Event Type" description="Event Type">
					<option value="0">Click</option>
					<option value="1">Hover</option>
				</field>
				<field name="@spacer" type="spacer" default="" label="" description="" />
				<field name="zt_carousel_autorun" type="radio" default="1" label="Autorun" description="Autorun">
					<option value="0">No</option>
					<option value="1">Yes</option>
				</field>
				<field name="@spacer" type="spacer" default="" label="" description="" /> 
				<field name="zt_accordion_item_expand" type="text" default="900" label="Item Expand" description="Item Expand" />
				<field name="zt_carousel_boxdesc" type="list" default="right" label="Box Description" description="Box Description">
					<option value="left">Left</option>
					<option value="right">Right</option>
				</field>
				<field name="zt_accordion_box_width" type="text" default="650" label="Box Width" description="Box Width" />
			</fieldset>
			<fieldset name="advanced">
				<field name="cache" type="list" default="0" label="Caching" description="Select whether to cache the content of this module">
					<option value="1">Use global</option>
					<option value="0">No caching</option>
				</field> 
			</fieldset>
		</fields>
	</config> 
</extension>