<?xml version="1.0" encoding="UTF-8"?>
<style>
	<info>
		<name>gk_startup</name>
		<author>GavickPro</author>
		<desc>Image Show GK4 style for the Startup template.</desc>
		<version>1.0</version>
	</info>
	<config>	
		<field type="text" name="image_bg" label="Image background color" desc="Slide image background as hexdecimal value" default="transparent" unit="" />	
		<field type="text" name="quality" label="Image quality" desc="Quality of images (used in the JPG images) - percentage value between 0 and 100." default="95" unit="%" />
		
		<field type="text" name="desktop_width" label="Desktop width" desc="This dimension will be used for the arrows positioning" default="1000" unit="px" />
		<field type="text" name="image_width" label="Image width" desc="Slide image width in pixels in the desktop mode" default="804" unit="px" />
		<field type="text" name="module_height" label="Module height" desc="Module block height in the desktop mode" default="920" unit="px" />
		<field type="text" name="tablet_width" label="Tablet width" desc="Minimal width when the tablet mode will be enabled" default="920" unit="px" />
		<field type="text" name="tablet_image_width" label="Image width" desc="Slide image width in pixels in the tablet mode" default="603" unit="px" />
		<field type="text" name="tablet_module_height" label="Module height" desc="Module block height in the tablet mode" default="690" unit="px" />
		<field type="text" name="mobile_width" label="Mobile width" desc="Minimal width when the mobile mode will be enabled" default="580" unit="px" />
		<field type="text" name="mobile_image_width" label="Mobile image width" desc="Slide image width in pixels in the mobile mode" default="338" unit="px" />
		<field type="text" name="mobile_module_height" label="Mobile module height" desc="Module block height in the mobile mode" default="386" unit="px" />
		
		<field type="switch" name="pagination" label="Pagination" desc="You can enable showing pagination interface at the bottom of the module." default="1" class="gk_switch" />	
		<field type="switch" name="arrows" label="Arrows" desc="You can enable showing arrows interface (prev/next buttons)." default="1" class="gk_switch" />	
		<field type="switch" name="slide_links" label="Slide links" desc="You can enable links in the slides." default="1" class="gk_switch" />
		<field type="text" name="animation_speed" label="Animation speed" desc="Animation speed in miliseconds" default="500" unit="ms" />
		<field type="text" name="animation_interval" label="Animation interval" desc="Animation interval in miliseconds" default="5000" unit="ms" />
		<field type="switch" name="autoanimation" label="Autoanimation" desc="Autoanimation of the slides" default="1" class="gk_switch" />
	</config>
</style>