<?xml version="1.0" encoding="utf-8"?>
<!DOCTYPE install SYSTEM "http://dev.joomla.org/xml/1.5/plugin-install.dtd">
<install type="plugin" version="1.5" method="upgrade" group="acymailing">
	<name>AcyMailing : share on social networks</name>
	<creationDate>August 2010</creationDate>
	<version>1.0.0</version>
	<author>Acyba</author>
	<authorEmail>dev@acyba.com</authorEmail>
	<authorUrl>http://www.acyba.com</authorUrl>
	<copyright>Copyright (C) 2009-2013 ACYBA SARL - All rights reserved.</copyright>
	<license>http://www.gnu.org/licenses/gpl-3.0.html GNU/GPL</license>
	<description>This plugin enables you to add a share icon for social networks</description>
	<files>
		<filename plugin="share">share.php</filename>
	</files>
	<params addpath="/components/com_acymailing/params">
		<param name="help" type="help" label="Help" description="Click on the help button to get some help" default="plugin-share"/>
		<param name="template" type="radio" default="component" label="Display the online version" description="Select if you want to display the online version (when the user will share your link on the social network) without any Joomla module (no template) or inside your default Joomla Template">
			<option value="standard">Standard template</option>
			<option value="component">No template</option>
		</param>

		<param name="picturefb" type="text" label="Facebook picture - DEPRECATED" default="media/com_acymailing/images/facebookshare.gif" />
		<param name="picturetwitter" type="text" label="Twitter picture - DEPRECATED" default="media/com_acymailing/images/twittershare.png" />
		<param name="picturelinkedin" type="text" label="LinkedIn picture - DEPRECATED" default="media/com_acymailing/images/linkedin.png" />
		<param name="picturehyves" type="text" label="Hyves picture - DEPRECATED" default="media/com_acymailing/images/hyvesshare.png" />
		<param name="picturegoogleplus" type="text" label="Google+ picture - DEPRECATED" default="media/com_acymailing/images/google_plusshare.png" />

	</params>
	<config>
		<fields name="params" addfieldpath="/components/com_acymailing/params">
			<fieldset name="basic">
				<field name="help" type="help" label="Help" description="Click on the help button to get some help" default="plugin-share"/>
				<field name="template" type="radio" default="component" label="Display the online version" description="Select if you want to display the online version (when the user will share your link on the social network) without any Joomla module (no template) or inside your default Joomla Template">
					<option value="standard">Standard template</option>
					<option value="component">No template</option>
				</field>

				<field name="picturefb" type="text" label="Facebook picture - DEPRECATED" default="media/com_acymailing/images/facebookshare.gif" />
				<field name="picturetwitter" type="text" label="Twitter picture - DEPRECATED" default="media/com_acymailing/images/twittershare.png" />
				<field name="picturelinkedin" type="text" label="LinkedIn picture - DEPRECATED" default="media/com_acymailing/images/linkedin.png" />
				<field name="picturehyves" type="text" label="Hyves picture - DEPRECATED" default="media/com_acymailing/images/hyvesshare.png" />
				<field name="picturegoogleplus" type="text" label="Google+ picture - DEPRECATED" default="media/com_acymailing/images/google_plusshare.png" />

			</fieldset>
		</fields>
	</config>
</install>
