<?xml version="1.0" encoding="UTF-8"?>
<style>
	<info>
		<name>gk_corporate2</name>
		<author>GavickPro</author>
		<desc>Image Show GK4 style for Corporate 2 template.</desc>
		<version>1.0</version>
	</info>
	<config>
	
		<field type="text" name="image_width" label="Image width" desc="Slide image width in pixels" default="480" unit="px" />
		<field type="text" name="image_height" label="Image height" desc="Slide image height in pixels" default="320" unit="px" />
		<field type="text" name="image_bg" label="Image background color" desc="Slide image background as hexdecimal value" default="#000000" unit="" />	
		<field type="text" name="quality" label="Image quality" desc="Quality of images (used in the JPG images) - percentage value between 0 and 100." default="95" unit="%" />
		
		<field type="switch" name="show_list" label="Show list" default="1" desc="You can enable showing list block." class="gk_switch" />
		<field type="text" name="list_title_small" label="List small title" desc="Small title over the list" default="Why to choose" unit="" />
		<field type="text" name="list_title_big" label="List big title" desc="Big title over the list" default="our company" unit="" />
		<field type="text" name="list_char_count" label="List char amount" desc="Maximal amount of chars in the list item" default="25" unit="" />
		<field type="text" name="list_text_overflow" label="List text overflow" desc="String used at end of the shortened list item" default="..." unit="" />
		
		<field type="select" name="image_position" label="Image position" desc="Position of the image" default="right" class="">
			<option value="gkRightFloat">Right</option>
			<option value="gkLeftFloat">Left</option>
		</field>
		<field type="select" name="list_position" label="List position" desc="Position of the list" default="right" class="">
			<option value="gkRightFloat">Right</option>
			<option value="gkLeftFloat">Left</option>
		</field>
		
		<field type="text" name="art_width" label="Article width" desc="Width of the article block in percents" default="70" unit="" />
		
		<field type="switch" name="title" label="Title" desc="You can enable links in titles" default="1" class="gk_switch" />
		<field type="switch" name="title_link" label="Title link" desc="You can enable titles" default="1" class="gk_switch" />
		<field type="switch" name="clean_xhtml" label="Clean (X)HTML" desc="You can clean the (X)HTML tags in the output content" default="1" class="gk_switch" />
		<field type="text" name="wordcount" label="Wordcount" desc="Maximal amount of words in the article item" default="30" unit="" />
		<field type="switch" name="readmore_button" label="Readmore button" desc="You can enable readmore button in the articles" default="1" class="gk_switch" />
		<field type="text" name="readmore_text" label="Readmore text" desc="String used in the readmore button" default="Find more" unit="" />
		
		<field type="switch" name="interface" label="Interface" desc="You can enable showing interface (prev/next buttons)." default="1" class="gk_switch" />	
		<field type="switch" name="interface_animation" label="Interface animation" desc="You can enable the interface animation" default="0" class="gk_switch" />
		<field type="text" name="animation_speed" label="Animation speed" desc="Animation speed in miliseconds" default="500" unit="ms" />
		<field type="text" name="animation_interval" label="Animation interval" desc="Animation interval in miliseconds" default="5000" unit="ms" />
		<field type="switch" name="autoanimation" label="Autoanimation" desc="Autoanimation of the slides" default="1" class="gk_switch" />
		
		<field type="select" name="animation_type" label="Animation type" desc="Animation type used in the slideshow" default="opacity" class="">
			<option value="opacity">Opacity</option>
			<option value="top">Top</option>
			<option value="bottom">Bottom</option>
		</field>
	</config>
</style>