<?xml version="1.0" encoding="UTF-8"?>
<style>
	<info>
		<name>gk_gamebox</name>
		<author>GavickPro</author>
		<desc>Image Show GK4 style for Gamebox template.</desc>
		<version>1.0</version>
	</info>
	<config>
	
		<field type="text" name="image_width" label="Image width" desc="Slide image width in pixels" default="640" unit="px" />
		<field type="text" name="image_height" label="Image height" desc="Slide image height in pixels" default="360" unit="px" />
		<field type="text" name="image_bg" label="Image background color" desc="Slide image background as hexdecimal value" default="#000000" unit="" />	
		<field type="text" name="quality" label="Image quality" desc="Quality of images (used in the JPG images) - percentage value between 0 and 100." default="95" unit="%" />
		
		<field type="switch" name="show_text_block" label="Show text block" desc="Enable/disable showing block with text" default="1" class="gk_switch" />
		
		<field type="switch" name="show_info" label="Show article information" desc="Enable/disable showing information over article title" default="1" class="gk_switch" />
		
		<field type="text" name="date_format" label="Date format" desc="Date format based on PHP function strftime" default="A e, B Y" />
		
		<field type="select" name="author_name" label="Author name" desc="Defines which user name is showing as an author name" default="username" class="">
			<option value="username">Username</option>
			<option value="name">Name</option>
		</field>
		
		<field type="text" name="info_format" label="Article information format" desc="Text used to show information about article - two variables are available: %date and %author" default="Written: %date by %author" />
		
		<field type="text" name="readmore_text" label="Readmore text" desc="Text used in the readmore button" default="Read more" />
		
		<field type="text" name="text_position" label="Text position" desc="Position of the block with text calculated from the top of module" default="280" unit="px" />
		<field type="text" name="text_height" label="Text height" desc="Height of the block with text" default="80" unit="px" />
		
		<field type="switch" name="interface" label="Interface" desc="You can enable showing interface (prev/next buttons)." default="1" class="gk_switch" />
		
		<field type="switch" name="slide_links" label="Slide links" desc="You can enable links after slide click." default="1" class="gk_switch" />
		
		<field type="text" name="animation_speed" label="Animation speed" desc="Animation speed in miliseconds" default="500" unit="ms" />
		<field type="text" name="animation_interval" label="Animation interval" desc="Animation interval in miliseconds" default="5000" unit="ms" />
		<field type="switch" name="autoanimation" label="Autoanimation" desc="Autoanimation of the slides" default="1" class="gk_switch" />
		
		<field type="select" name="animation_type" label="Animation type" desc="Animation type used in the slideshow" default="opacity" class="">
			<option value="opacity">Opacity</option>
			<option value="left">Left</option>
			<option value="right">Right</option>
			<option value="top">Top</option>
			<option value="bottom">Bottom</option>
		</field>
	</config>
</style>